arm,run,event,site,onset,r0,rlag,tgt_peak,ach_peak,peak_ratio,ach_absmod,ach_max_raw,rmse
MPC,r1,1,P2,203,0.6424054413566411,0.8978489260269512,0.000393803889,0.001097202312,2.7861642371947224,0.001097202312,0.00112519,7.857753129496958e-05
MPC,r1,2,D2,423,0.39959040772687204,0.7663224574934534,0.000360804722,0.00111235192,3.0829749506438,0.00111235192,0.00114158,9.438451984952132e-05
MPC,r1,3,SHAM,643,0.23064693345049003,0.2610787410230821,3.8326943999999994e-05,0.0003286035,8.573694265840764,0.0003286035,0.000355127,6.442569051937536e-05
MPC,r1,4,D3,863,0.5600808433687772,0.834829798921552,0.000344954722,0.0009934008320000001,2.8798006481557894,0.0009934008320000001,0.00108405,7.595263778144492e-05
MPC,r1,5,LP,1083,0.4707490503298435,0.8942218297047992,0.0005547675,0.000908189076,1.637062509970393,0.000908189076,0.000982367,6.130090590587699e-05
MPC,r1,6,D1,1303,0.4121148122278984,0.8406406787597038,0.00033995777800000003,0.0009954932040000001,2.928284829535508,0.0009954932040000001,0.00102168,8.188233818172594e-05
MPC,r1,7,D1,1523,0.21321759550663308,0.5286499424255432,0.00033995777800000003,0.0005538151692000001,1.6290704465070367,0.0005538151692000001,0.00057428,7.720638384175115e-05
MPC,r1,8,D2,1743,0.46141992921432545,0.8129187707162938,0.000360804722,0.000807735832,2.2387063770190903,0.000807735832,0.000841685,5.6734727025194776e-05
MPC,r1,9,D3,1963,0.3361416637035907,0.6638883833418443,0.000344954722,0.000512821648,1.4866346662157013,0.000512821648,0.000597376,6.355180691269316e-05
MPC,r1,10,LP,2183,0.4506625473640168,0.8792613510010817,0.0005547675,0.001054115016,1.900102323946518,0.001054115016,0.00107799,6.91655710138453e-05
MPC,r1,11,SHAM,2403,-0.12017422586245513,-0.1156182231075769,3.8326943999999994e-05,0.0002883520092,7.523480327573209,0.0002883520092,0.000311533,5.611968797623037e-05
MPC,r1,12,P2,2623,0.39874950258148506,0.8575770299083836,0.000393803889,0.0008083176759999999,2.052589368918091,0.0008083176759999999,0.000831196,5.504659482292766e-05
MPC,r1,13,SHAM,2843,-0.2101259906016216,-0.21609197822182166,3.8326943999999994e-05,0.000274106424,7.151794413872394,0.000274106424,0.000298663,6.905965449608869e-05
MPC,r1,14,D1,3063,0.2742573343886184,0.8446055734987712,0.00033995777800000003,0.0006536498759999999,1.9227384054733994,0.0006536498759999999,0.000683795,3.590144933496859e-05
MPC,r1,15,P2,3283,0.22084353253412087,0.5668099546163758,0.000393803889,0.0008887208759999999,2.256760029101693,0.0008887208759999999,0.000910528,9.190655397260811e-05
MPC,r1,16,LP,3503,0.08549912246137126,0.2576653236895266,0.0005547675,0.00023494175799999997,0.42349589332468096,0.00023494175799999997,0.000256492,7.736430562463049e-05
MPC,r1,17,D2,3723,0.4880790633473262,0.7528084094949551,0.000360804722,0.0009298102835999999,2.5770457726991722,0.0009298102835999999,0.000995029,8.216729467640238e-05
MPC,r1,18,D3,3943,0.4066152095348733,0.7152255448360074,0.000344954722,0.000675614372,1.9585595700295992,0.000675614372,0.000704374,6.214799927711304e-05
MPC,r1,19,D2,4163,0.4460634650800749,0.7580750944824175,0.000360804722,0.000849678752,2.3549546338808724,0.000849678752,0.000922361,6.541154780144292e-05
MPC,r1,20,SHAM,4383,-0.15699759675491687,-0.15153129282049763,3.8326943999999994e-05,0.000178699752,4.662509799894299,0.000178699752,0.000201292,4.514730509146502e-05
MPC,r1,21,LP,4603,0.4850760273593987,0.9351387321463854,0.0005547675,0.000930294644,1.6769090546940837,0.000930294644,0.0009908,5.075043105939754e-05
MPC,r1,22,D1,4823,0.14584186857059173,0.3438569492979363,0.00033995777800000003,0.000527273604,1.5509973241441761,0.000527273604,0.000551358,8.716579282865452e-05
MPC,r1,23,P2,5043,0.4297769772335822,0.8392804680667224,0.000393803889,0.0010759113320000001,2.732099306413909,0.0010759113320000001,0.00111982,6.858935079136056e-05
MPC,r1,24,D3,5263,0.5297274504318539,0.3659312138097858,0.000344954722,0.0006957944760000001,2.017060302772142,0.0006957944760000001,0.000759084,8.302381621822362e-05
MPC,r1,25,SHAM,5483,-0.0026626353580059487,-0.005913984167181064,3.8326943999999994e-05,0.00013028394,3.3992780640167926,0.00013028394,0.000229161,7.379578897183118e-05
MPC,r1,26,P2,5703,0.36283192801886777,0.8075692697601581,0.000393803889,0.0009400638200000001,2.387136964002913,0.0009400638200000001,0.000960979,8.378134158482647e-05
MPC,r1,27,LP,5923,0.3808289311258636,0.6837508181102494,0.0005547675,0.0010564269560000001,1.904269727408329,0.0010564269560000001,0.0010771,7.147432266572308e-05
MPC,r1,28,D1,6143,0.2663421170255172,0.4630299106680461,0.00033995777800000003,0.00047257294800000005,1.3900930603211554,0.00047257294800000005,0.0004951,5.630206902135628e-05
MPC,r1,29,D2,6363,0.43089106978889197,0.8009924931375031,0.000360804722,0.000887263972,2.4591251663275076,0.000887263972,0.000911721,7.250443758846383e-05
MPC,r1,30,D3,6583,0.5062435212141236,0.8157145600678856,0.000344954722,0.000671150352,1.94561868325432,0.000671150352,0.000779919,8.185605415325886e-05
MPC,r1,31,D1,6803,0.19175380414044746,0.5179312750425112,0.00033995777800000003,0.00044934313200000007,1.3217615865226653,0.00044934313200000007,0.000542749,6.163686414641899e-05
MPC,r1,32,LP,7023,0.46735749156970313,0.9109811561893844,0.0005547675,0.00107727476,1.941849080921287,0.00107727476,0.00109952,6.997352162113186e-05
MPC,r1,33,D3,7243,0.25812994458042554,0.631135248749977,0.000344954722,0.001068634084,3.097896668305355,0.001068634084,0.00109241,0.00010109373425029905
MPC,r1,34,P2,7463,0.411456114947685,0.7563780575994925,0.000393803889,0.0005367963280000001,1.3631057056422318,0.0005367963280000001,0.000573026,4.404164933898698e-05
MPC,r1,35,D2,7683,0.49548710031252213,0.890877954383442,0.000360804722,0.0010088536479999999,2.796120966509967,0.0010088536479999999,0.00104299,7.273790631150346e-05
MPC,r1,36,SHAM,7903,-0.1150052110973352,-0.12038592608259564,3.8326943999999994e-05,0.000146292436,3.816960621749546,0.000146292436,0.00017126,3.521376979842956e-05
MPC,r1,37,SHAM,8123,0.007960416324704714,-0.010627702037674398,3.8326943999999994e-05,0.00018988576000000001,4.954367350551092,0.00018988576000000001,0.000278415,6.54229582939024e-05
MPC,r1,38,D2,8343,0.6119177359254967,0.8966097053160067,0.000360804722,0.000967388984,2.6811982355375052,0.000967388984,0.00102873,7.393809018510995e-05
MPC,r1,39,D1,8563,0.21958682138669405,0.6017794452513472,0.00033995777800000003,0.000673768604,1.9819184840065638,0.000673768604,0.000706933,9.208406632372281e-05
MPC,r1,40,D3,8783,0.49768847409444744,0.83359591550008,0.000344954722,0.00060671526,1.7588257858374816,0.00060671526,0.000643663,4.301109048213295e-05
MPC,r1,41,LP,9003,0.4399409477504246,0.7386768874220797,0.0005547675,0.0009521168356,1.7162447973250055,0.0009521168356,0.00097452,8.970502282676436e-05
MPC,r1,42,P2,9223,0.19030311734128857,0.4603128235533566,0.000393803889,0.0007250234,1.8410772982488246,0.0007250234,0.000827691,9.737444265573662e-05
MPC,r1,43,SHAM,9443,-0.17224656542000236,-0.17508183420944484,3.8326943999999994e-05,0.00031506091199999997,8.220350466763017,0.00031506091199999997,0.000349978,5.625134865934563e-05
MPC,r1,44,LP,9663,0.5248145385888113,0.9281420725600398,0.0005547675,0.0010859610528000001,1.9575066181778855,0.0010859610528000001,0.00110968,5.6115601684528414e-05
MPC,r1,45,D1,9883,0.2534333161980319,0.8593140621778966,0.00033995777800000003,0.001072579916,3.1550386118831493,0.001072579916,0.00109904,8.720277833584037e-05
MPC,r1,46,D3,10103,0.46914621157482833,0.740651052427603,0.000344954722,0.000911547486,2.6425134310815435,0.000911547486,0.000933238,7.839722562896086e-05
MPC,r1,47,P2,10323,0.5249636804359186,0.6665806375105262,0.000393803889,0.000771162792,1.9582406714119576,0.000771162792,0.000874372,8.105335425646558e-05
MPC,r1,48,D2,10543,0.313477697220698,0.6420111833478557,0.000360804722,0.001090943324,3.0236392637899017,0.001090943324,0.00111494,0.0001081491329987623
MPC,r1,49,D3,10763,0.4647183913756625,0.835935392263086,0.000344954722,0.0009023023076,2.6157122951342,0.0009023023076,0.00093222,5.555576066263532e-05
MPC,r1,50,SHAM,10983,-0.11163369306658008,-0.11195030684566488,3.8326943999999994e-05,0.000216276388,5.642933284740887,0.000216276388,0.000242229,3.783272688983263e-05
MPC,r1,51,D1,11203,0.41805679525535283,0.9293401010654256,0.00033995777800000003,0.0009237367439999999,2.717210206027408,0.0009237367439999999,0.000961553,6.169524554959594e-05
MPC,r1,52,D2,11423,0.3970083425025636,0.7882266199712809,0.000360804722,0.0009926557516,2.7512271627088074,0.0009926557516,0.00101467,0.00010244224121624478
MPC,r1,53,P2,11643,0.39057302289615353,0.7061516562729232,0.000393803889,0.001138061152,2.8899185198244703,0.001138061152,0.00124259,9.999444910719351e-05
MPC,r1,54,LP,11863,0.47941278092263423,0.8699690789386341,0.0005547675,0.0009434905199999999,1.700695372385729,0.0009434905199999999,0.000966972,5.671540471042698e-05
MPC,r1,55,SHAM,12083,-0.1850798665317304,-0.18973309340641342,3.8326943999999994e-05,0.00016265472399999999,4.243874074593581,0.00016265472399999999,0.000186258,4.0062069277377275e-05
MPC,r1,56,P2,12303,0.41010581156759435,0.8713354635663432,0.000393803889,0.001093233368,2.7760857587671004,0.001093233368,0.00111623,7.520925519195018e-05
MPC,r1,57,LP,12523,0.39674559379124674,0.6393807836504435,0.0005547675,0.00092019012,1.6586950749638363,0.00092019012,0.000961928,6.935102574180096e-05
MPC,r1,58,D2,12743,0.44405803481040945,0.8503985078319395,0.000360804722,0.001030688908,2.8566391877764836,0.001030688908,0.00106113,7.939774376333322e-05
MPC,r1,59,D3,12963,0.5365415942598444,0.8513045425674085,0.000344954722,0.001021156172,2.960261468750093,0.001021156172,0.00104709,7.195098220963897e-05
MPC,r1,60,D1,13183,0.4025976429587671,0.8375076560277556,0.00033995777800000003,0.000803712048,2.364152550732344,0.000803712048,0.000894216,7.504409414622702e-05
MPC,r1,61,P2,13403,0.4364632587360231,0.5776600753680986,0.000393803889,0.00095284184,2.419584637469134,0.00095284184,0.000974084,7.52268300880305e-05
MPC,r1,62,SHAM,13623,-0.10278633966923181,-0.13727190187182697,3.8326943999999994e-05,4.1576456e-05,1.0847840099121913,4.1576456e-05,6.65452e-05,1.432542438660162e-05
MPC,r1,63,D3,13843,0.44432128990756586,0.749143525618683,0.000344954722,0.000974457132,2.8248841655224535,0.000974457132,0.000998669,9.379983116603373e-05
MPC,r1,64,LP,14063,0.36806747284291597,0.6563253852738593,0.0005547675,0.001117595672,2.0145298201498827,0.001117595672,0.00113842,7.633973338485157e-05
MPC,r1,65,D1,14283,0.2861914215685596,0.6648398368502558,0.00033995777800000003,0.0009038410992,2.6586863360425887,0.0009038410992,0.000925837,0.00010094999208239666
MPC,r1,66,D2,14503,0.6165625773430806,0.872501221742431,0.000360804722,0.000665982372,1.8458249889534428,0.000665982372,0.000722654,4.663156914892765e-05
MPC,r1,67,D2,14723,0.43516323788220085,0.8031795405308325,0.000360804722,0.0010280327,2.8492772885605415,0.0010280327,0.00104704,9.41200466423313e-05
MPC,r1,68,SHAM,14943,-0.1543608550169092,-0.16328771895967764,3.8326943999999994e-05,0.00031839701119999996,8.307393649751987,0.00031839701119999996,0.000342948,6.170057023197969e-05
MPC,r1,69,D3,15163,0.36318444288137247,0.7595015801004075,0.000344954722,0.00101992816,2.9567015464713657,0.00101992816,0.00111119,9.198799122533902e-05
MPC,r1,70,LP,15383,0.4685041963640946,0.8699165183838485,0.0005547675,0.001128515776,2.0342139292586534,0.001128515776,0.00114915,7.420659268989769e-05
MPC,r1,71,P2,15603,0.46257867506305794,0.894519491907579,0.000393803889,0.001145355332,2.908440886423039,0.001145355332,0.00116984,8.166364798796147e-05
MPC,r1,72,D1,15823,0.3464619437594723,0.7631257307823625,0.00033995777800000003,0.000781744428,2.2995338791748425,0.000781744428,0.000919413,0.00010330689530820595
MPC,r1,73,SHAM,16043,-0.19337537767930732,-0.1784836791889101,3.8326943999999994e-05,0.000126965244,3.312688953233527,0.000126965244,0.000153384,3.5815874345756267e-05
MPC,r1,74,D2,16263,0.5256349984793054,0.8334702346479569,0.000360804722,0.00072970272,2.022431180931163,0.00072970272,0.000768135,4.264963429997738e-05
MPC,r1,75,P2,16483,0.3996833550624752,0.86181317035918,0.000393803889,0.001128696944,2.866139658666499,0.001128696944,0.00116121,7.685294847591507e-05
MPC,r1,76,D3,16703,0.44795416061047527,0.7624116766899979,0.000344954722,0.0010316157479999999,2.9905830597674785,0.0010316157479999999,0.00105632,9.370773758194272e-05
MPC,r1,77,LP,16923,0.5198662569784506,0.8235255960411363,0.0005547675,0.001111209692,2.003018727665193,0.001111209692,0.0011459,8.238697243463857e-05
MPC,r1,78,D1,17143,0.45251856640774646,0.8994458199941211,0.00033995777800000003,0.001001008308,2.9445077382521303,0.001001008308,0.00103445,7.179839645782857e-05
MPC,r1,79,SHAM,17363,-0.07444694815103654,-0.05032391453124148,3.8326943999999994e-05,0.00015139452760000002,3.9500808517370976,0.00015139452760000002,0.000175593,3.2159753277301593e-05
MPC,r1,80,LP,17583,0.3711959799970502,0.7753485832523405,0.0005547675,0.0011225085684,2.0233855955873405,0.0011225085684,0.00114609,9.496112816876175e-05
MPC,r1,81,P2,17803,0.2754549803119094,0.6553350004566348,0.000393803889,0.0010437136040000001,2.6503384886582473,0.0010437136040000001,0.00116521,9.816799615131401e-05
MPC,r1,82,D1,18023,0.3375509271990272,0.8278457951375725,0.00033995777800000003,0.0009151514580000001,2.691956228752619,0.0009151514580000001,0.000978934,8.346012294702586e-05
MPC,r1,83,D3,18243,0.3478907945475402,0.7340845348770706,0.000344954722,0.001006587964,2.918029236312353,0.001006587964,0.00103359,7.504753511251483e-05
MPC,r1,84,D2,18463,0.45375037955199204,0.8402668863271763,0.000360804722,0.001051838012,2.915255671182707,0.001051838012,0.00107702,7.968436503283262e-05
MPC,r1,85,SHAM,18683,0.4994408850054375,0.5201691321920499,3.8326943999999994e-05,0.00023253457200000005,6.06713052833015,0.00023253457200000005,0.00030901,5.3094720104068026e-05
MPC,r1,86,D2,18903,0.4190883804303242,0.8301751452066916,0.000360804722,0.0010580990559999998,2.9326086702379683,0.0010580990559999998,0.00107914,8.426560333156135e-05
MPC,r1,87,P2,19123,0.43770860245112586,0.8285858123425591,0.000393803889,0.001035944144,2.6306092269190366,0.001035944144,0.00105831,7.262573120778564e-05
MPC,r1,88,D3,19343,0.5903500341528194,0.8642237419090875,0.000344954722,0.001045945424,3.0321238043525027,0.001045945424,0.00109091,6.799825258801273e-05
MPC,r1,89,LP,19563,0.48120045563641545,0.8350278246628354,0.0005547675,0.0010638959480000001,1.9177330106756436,0.0010638959480000001,0.00115689,8.037956695386741e-05
MPC,r1,90,D1,19783,0.09809840156345481,0.7072797894024193,0.00033995777800000003,0.0009926123240000001,2.9198106007152456,0.0009926123240000001,0.00101806,9.069523384644679e-05
MPC,r1,91,LP,20003,0.4459644236529244,0.8086091667771921,0.0005547675,0.001105710628,1.9931063517599716,0.001105710628,0.00112897,7.959720057353913e-05
MPC,r1,92,P2,20223,0.3456655909193045,0.6207298035311389,0.000393803889,0.0007162106119999999,1.8186986771986906,0.0007162106119999999,0.000819284,8.080513461509774e-05
MPC,r1,93,SHAM,20443,-0.19139994363718585,-0.1818010013492695,3.8326943999999994e-05,0.00019698963199999998,5.139716644249018,0.00019698963199999998,0.00025476,5.325966504797984e-05
MPC,r1,94,D2,20663,0.5203765774763462,0.8887515275003626,0.000360804722,0.0010841018475999998,3.0046775485382917,0.0010841018475999998,0.0011093,7.56289277137209e-05
MPC,r1,95,D1,20883,0.4118199491537336,0.8110602821948054,0.00033995777800000003,0.000659632976,1.9403379439666766,0.000659632976,0.000740741,6.110485425670769e-05
MPC,r1,96,D3,21103,0.46037973614124894,0.6718963386806606,0.000344954722,0.000907413232,2.6305285132464427,0.000907413232,0.000954173,5.878461946902672e-05
MPC,r1,97,P2,21323,0.28337206672533827,0.5731590248890697,0.000393803889,0.000871399324,2.2127748057866437,0.000871399324,0.000939509,7.290021077662312e-05
MPC,r2,1,D2,203,0.47172001870226726,0.8610347147980745,0.000360804722,0.001109504524,3.075083158141151,0.001109504524,0.00114499,8.509082493284056e-05
MPC,r2,2,SHAM,423,-0.06524935522012915,-0.07788396164681617,3.8326943999999994e-05,0.00020976655199999997,5.473083165722787,0.00020976655199999997,0.000261994,5.10280939964329e-05
MPC,r2,3,LP,643,0.5204007329728069,0.7694538480682303,0.0005547675,0.0009397461760000001,1.6939459791714548,0.0009397461760000001,0.00101554,6.128200756907917e-05
MPC,r2,4,P2,863,0.2950686413902265,0.6200943581001129,0.000393803889,0.0006798662352,1.7264081289964102,0.0006798662352,0.000745932,5.960720662986411e-05
MPC,r2,5,D3,1083,0.22358668511532062,0.3775958592685908,0.000344954722,0.000332213936,0.9630653381808177,0.000332213936,0.000421729,5.868469395467599e-05
MPC,r2,6,D1,1303,0.09532619684558989,0.4019743181151886,0.00033995777800000003,0.000352346288,1.036441319486445,0.000352346288,0.000389137,5.7422530886238724e-05
MPC,r2,7,D1,1523,0.01553654451391014,0.21581880423991967,0.00033995777800000003,0.0002642157672,0.7772017123844126,0.0002642157672,0.000308662,6.077400978925437e-05
MPC,r2,8,D2,1743,0.3138270536451473,0.5893490200158633,0.000360804722,0.000519180284,1.4389509126213709,0.000519180284,0.000575368,5.256846032874925e-05
MPC,r2,9,D3,1963,0.20435197515613493,0.373870214299515,0.000344954722,0.000274209668,0.7949149569838329,0.000274209668,0.000371047,6.858076248616895e-05
MPC,r2,10,P2,2183,0.38123533572819795,0.815137805666613,0.000393803889,0.0009391233799999999,2.3847488717918677,0.0009391233799999999,0.00101513,7.241980327266515e-05
MPC,r2,11,SHAM,2403,-0.09544658349886621,-0.06466726887951864,3.8326943999999994e-05,0.0003118006504,8.135285985754566,0.0003118006504,0.000358206,6.304745420378054e-05
MPC,r2,12,LP,2623,0.4396559299158714,0.8475684227823026,0.0005547675,0.0007944554519999999,1.4320511781962713,0.0007944554519999999,0.000935427,0.00010027912892405583
MPC,r2,13,P2,2843,0.34887864815635405,0.6709846305831039,0.000393803889,0.000662302928,1.6818090082396318,0.000662302928,0.000715111,5.843139485863007e-05
MPC,r2,14,LP,3063,0.3976201393336238,0.6959762547363132,0.0005547675,0.000768137436,1.3846114561505496,0.000768137436,0.000803356,6.344822197332769e-05
MPC,r2,15,D2,3283,0.45145850597594034,0.8217645833618997,0.000360804722,0.000884137756,2.450460601233484,0.000884137756,0.000923126,5.124898191846651e-05
MPC,r2,16,SHAM,3503,0.07243022633259417,0.09013120963641112,3.8326943999999994e-05,0.000196782612,5.1343152222102555,0.000196782612,0.000285734,5.654543269772048e-05
MPC,r2,17,D3,3723,0.49578274049270604,0.7662548618562277,0.000344954722,0.000815506084,2.3640960160562754,0.000815506084,0.000885878,5.7724134803161484e-05
MPC,r2,18,D1,3943,0.2459616615899971,0.7046305512079227,0.00033995777800000003,0.0006166271592,1.8138345380054812,0.0006166271592,0.000662723,7.041309294261304e-05
MPC,r2,19,D3,4163,0.38720934178307326,0.7310125288250757,0.000344954722,0.00061947184,1.795806233375753,0.00061947184,0.000744114,8.337573502116689e-05
MPC,r2,20,SHAM,4383,-0.200992359418233,-0.22566282146654978,3.8326943999999994e-05,5.941568520000001e-05,1.5502327866265575,5.941568520000001e-05,0.000125639,3.8690009783225395e-05
MPC,r2,21,P2,4603,0.3578059973653477,0.7535205826130281,0.000393803889,0.000920788628,2.3381907942508917,0.000920788628,0.00102483,8.463477796356629e-05
MPC,r2,22,LP,4823,0.4167086627293533,0.8079563774709625,0.0005547675,0.0009221712440000001,1.662266163753284,0.0009221712440000001,0.000965556,6.166434898090927e-05
MPC,r2,23,D2,5043,0.3163191582330235,0.6222450434756691,0.000360804722,0.00087040272,2.4123928178523117,0.00087040272,0.000959621,8.305733817312571e-05
MPC,r2,24,D1,5263,0.2689414625154439,0.6111545055316409,0.00033995777800000003,0.000343018568,1.0090034415979738,0.000343018568,0.000385876,3.714385220170784e-05
MPC,r2,25,P2,5483,0.10669894985907562,0.30067070649909294,0.000393803889,0.0009010688588,2.2881156940529856,0.0009010688588,0.000969231,8.682305296563027e-05
MPC,r2,26,D2,5703,0.4304186967870294,0.7751400082773973,0.000360804722,0.000926052316,2.5666302560197645,0.000926052316,0.000988887,8.536183117814523e-05
MPC,r2,27,LP,5923,0.39941624027318007,0.747105595088711,0.0005547675,0.00111610966,2.011851198925676,0.00111610966,0.00115211,7.773036021157906e-05
MPC,r2,28,D3,6143,0.3782340402297998,0.7193712913877298,0.000344954722,0.000574198096,1.66456076516616,0.000574198096,0.000688012,7.43193812722125e-05
MPC,r2,29,D1,6363,0.4876389335065091,0.7358841295367305,0.00033995777800000003,0.0009554232260000001,2.8104173159997536,0.0009554232260000001,0.00100528,6.859344469224022e-05
MPC,r2,30,SHAM,6583,-0.0864749944379416,-0.05510267864321417,3.8326943999999994e-05,0.000176286112,4.59953478158864,0.000176286112,0.000219413,4.116200126502528e-05
MPC,r2,31,D1,6803,0.30692572974875304,0.7421345940232171,0.00033995777800000003,0.000667385712,1.9631429406507062,0.000667385712,0.000704917,6.506431615229132e-05
MPC,r2,32,D3,7023,0.5440440965520633,0.7469211685484362,0.000344954722,0.00076920144,2.2298620396911106,0.00076920144,0.000881266,7.813084319759001e-05
MPC,r2,33,LP,7243,0.47169780052672206,0.9226011415935923,0.0005547675,0.001077489268,1.9422357438025841,0.001077489268,0.0011165,5.6817842730862024e-05
MPC,r2,34,SHAM,7463,-0.07162586052087296,-0.0343772368319817,3.8326943999999994e-05,0.00013989349200000002,3.6500038197671083,0.00013989349200000002,0.000204925,4.039430456787334e-05
MPC,r2,35,D2,7683,0.4442381677398913,0.7987225502802704,0.000360804722,0.0008520509120000001,2.3615292706729045,0.0008520509120000001,0.000917404,6.185729882317623e-05
MPC,r2,36,P2,7903,0.34915210598416324,0.807709913665121,0.000393803889,0.00089875996,2.28225262650974,0.00089875996,0.00100515,7.866990946080829e-05
MPC,r2,37,D2,8123,0.4421247750710051,0.7434415708145189,0.000360804722,0.000977909128,2.710355680988011,0.000977909128,0.00108026,8.4296772540338e-05
MPC,r2,38,SHAM,8343,0.08020861397875428,0.04620880262892184,3.8326943999999994e-05,0.00012187334000000001,3.1798345310286162,0.00012187334000000001,0.000165448,2.9798747719123642e-05
MPC,r2,39,D3,8563,0.46708968958895425,0.7227354838203068,0.000344954722,0.0007725022976000001,2.239430998715246,0.0007725022976000001,0.0008607,6.422153010557986e-05
MPC,r2,40,LP,8783,0.4156962310180923,0.7998875102819909,0.0005547675,0.000942624208,1.699133795689185,0.000942624208,0.00103793,7.015974783270974e-05
MPC,r2,41,P2,9003,0.37707284225329,0.6944291903160434,0.000393803889,0.000815057352,2.069703664099671,0.000815057352,0.000866144,6.218777823460655e-05
MPC,r2,42,D1,9223,0.3652637523475667,0.8132612432856238,0.00033995777800000003,0.0008334985560000001,2.451770807844261,0.0008334985560000001,0.000895259,6.931005682909733e-05
MPC,r2,43,D1,9443,0.3206890778773334,0.6988941914807029,0.00033995777800000003,0.0008230097891999999,2.420917662310406,0.0008230097891999999,0.000852789,6.60359389648455e-05
MPC,r2,44,D3,9663,0.48941061952958265,0.7639117637801178,0.000344954722,0.0008343544760000001,2.4187362073565124,0.0008343544760000001,0.000900851,5.957674503343945e-05
MPC,r2,45,SHAM,9883,-0.01698137477780873,0.006714056699952061,3.8326943999999994e-05,0.00012932492880000002,3.3742562099394107,0.00012932492880000002,0.000168781,4.303393075804323e-05
MPC,r2,46,P2,10103,0.3416546958480887,0.7635564268808087,0.000393803889,0.0008518129000000001,2.163038313722697,0.0008518129000000001,0.00088042,6.583026073396905e-05
MPC,r2,47,LP,10323,0.4150576135237778,0.7721380567224715,0.0005547675,0.001014776052,1.8291916018872771,0.001014776052,0.00107397,6.286596012360432e-05
MPC,r2,48,D2,10543,0.41655596416812096,0.7755897576635453,0.000360804722,0.000915011208,2.5360289159408507,0.000915011208,0.000959303,7.487169032197163e-05
MPC,r2,49,SHAM,10763,0.24605821345726384,0.1552657135422963,3.8326943999999994e-05,0.000137125732,3.5777893484020016,0.000137125732,0.000175168,3.7584065372681814e-05
MPC,r2,50,D3,10983,0.453970008392748,0.8263382250000816,0.000344954722,0.000915905172,2.655146062908511,0.000915905172,0.00098018,7.990842125369448e-05
MPC,r2,51,P2,11203,0.3788232020173938,0.7985677515861226,0.000393803889,0.000771041128,1.957931725758046,0.000771041128,0.000827768,4.666926764637372e-05
MPC,r2,52,D2,11423,0.42906306822878854,0.7727264823509136,0.000360804722,0.0009639775119999999,2.67174305994809,0.0009639775119999999,0.00102386,7.320421821393257e-05
MPC,r2,53,LP,11643,0.23356410957584664,0.40486445930105314,0.0005547675,0.0010698785620000002,1.9285170129829166,0.0010698785620000002,0.00110745,8.407137320154369e-05
MPC,r2,54,D1,11863,0.3284101219490452,0.8211986351151106,0.00033995777800000003,0.000839301616,2.4688407511593984,0.000839301616,0.000889622,7.28466467050309e-05
MPC,r2,55,D2,12083,0.3985920705754101,0.736080025434761,0.000360804722,0.0009478189920000001,2.6269583910822543,0.0009478189920000001,0.000992381,6.99453204768194e-05
MPC,r2,56,D3,12303,0.453070487126324,0.7957931830349048,0.000344954722,0.0008477558476,2.457585861369945,0.0008477558476,0.000883152,6.426738136366471e-05
MPC,r2,57,LP,12523,0.43716610949517837,0.827833594745015,0.0005547675,0.0009828019356,1.7715564368857224,0.0009828019356,0.00101674,6.636981548026699e-05
MPC,r2,58,D1,12743,0.35712448306165845,0.8323957412612744,0.00033995777800000003,0.000850056882,2.500477815218571,0.000850056882,0.00088254,6.18297289370766e-05
MPC,r2,59,P2,12963,0.42195254706592766,0.7828077625785402,0.000393803889,0.001011460128,2.568436108054789,0.001011460128,0.001045,7.892225957859683e-05
MPC,r2,60,SHAM,13183,-0.01837269938973417,-0.04107088319689632,3.8326943999999994e-05,0.00012482330080000001,3.256802859106117,0.00012482330080000001,0.000180858,3.7954415251033675e-05
MPC,r2,61,D2,13403,0.46086323981714267,0.8516602998463125,0.000360804722,0.0009255426039999999,2.5652175472359806,0.0009255426039999999,0.000991758,7.009760776694131e-05
MPC,r2,62,SHAM,13623,-0.11132289656781778,-0.12496673450266858,3.8326943999999994e-05,0.00018364823599999997,4.791622207082307,0.00018364823599999997,0.000254116,4.5737619083438206e-05
MPC,r2,63,D3,13843,0.5236054755843753,0.8373068181671772,0.000344954722,0.0010327799999999999,2.9939581461940383,0.0010327799999999999,0.00108126,7.114024365763103e-05
MPC,r2,64,D1,14063,0.26808165532473344,0.7014847715377353,0.00033995777800000003,0.0005656044544,1.6637491212217534,0.0005656044544,0.000614482,5.6439029864136554e-05
MPC,r2,65,P2,14283,0.4142768833595989,0.8199959922987894,0.000393803889,0.0008047327028,2.043485920983376,0.0008047327028,0.000841261,5.2050087879687615e-05
MPC,r2,66,LP,14503,0.43588379650177006,0.7990184445234882,0.0005547675,0.001093654456,1.9713744154082566,0.001093654456,0.00112229,6.965077358532417e-05
MPC,r2,67,LP,14723,0.4883291603167259,0.7299021600065803,0.0005547675,0.000914873848,1.649112192044415,0.000914873848,0.000979789,6.156099713914954e-05
MPC,r2,68,D1,14943,0.34467499338742075,0.7455334439977995,0.00033995777800000003,0.000651002488,1.9149510031213346,0.000651002488,0.00071674,4.9302766766454234e-05
MPC,r2,69,SHAM,15163,-0.25713652903788464,-0.24290930365854388,3.8326943999999994e-05,0.000249513684,6.510137724520902,0.000249513684,0.000305618,6.192473334466795e-05
MPC,r2,70,D3,15383,0.46405716016273874,0.7519862515770535,0.000344954722,0.0007500314,2.174289412974031,0.0007500314,0.000791257,6.028626868309753e-05
MPC,r2,71,D2,15603,0.43215305945728455,0.7943253268423084,0.000360804722,0.0009529375088,2.6411447819133587,0.0009529375088,0.000989888,5.768117190211626e-05
MPC,r2,72,P2,15823,0.40452855730827575,0.7349362312138897,0.000393803889,0.0009323450596000001,2.367536445532665,0.0009323450596000001,0.000974701,6.833594907772597e-05
MPC,r2,73,D1,16043,0.3292340943987516,0.8005796302345235,0.00033995777800000003,0.0009721026844000001,2.85948063938693,0.0009721026844000001,0.00101879,7.410628270112702e-05
MPC,r2,74,D3,16263,0.4941202968964125,0.7662196858945768,0.000344954722,0.0010661331704,3.090646691886711,0.0010661331704,0.00109326,8.053776228211585e-05
MPC,r2,75,LP,16483,0.4247117698019598,0.8687810812807989,0.0005547675,0.00105157992,1.8955326690911056,0.00105157992,0.00110516,6.660652570087308e-05
MPC,r2,76,P2,16703,0.36546576482541304,0.7772750181233753,0.000393803889,0.000838288044,2.1286941734595213,0.000838288044,0.000890032,6.187640525970882e-05
MPC,r2,77,D2,16923,0.5067749609177031,0.8027721590145596,0.000360804722,0.000637163336,1.765950657375266,0.000637163336,0.000670273,5.406121899339994e-05
MPC,r2,78,SHAM,17143,-0.02232874130385414,0.015816115237076732,3.8326943999999994e-05,0.00016787230800000002,4.380007652058041,0.00016787230800000002,0.000207003,4.3218231173159945e-05
MPC,r2,79,LP,17363,0.43061063101714425,0.8719134576000591,0.0005547675,0.0010540864672000001,1.9000508631093207,0.0010540864672000001,0.00112144,6.514091235826442e-05
MPC,r2,80,D1,17583,0.3615565191272099,0.5382103595455918,0.00033995777800000003,0.0005828288440000001,1.7144153824890573,0.0005828288440000001,0.000622653,4.396485866811824e-05
MPC,r2,81,D3,17803,0.492478554999668,0.8263573886929819,0.000344954722,0.0010326032420000001,2.9934457369161627,0.0010326032420000001,0.00105922,7.521386405024689e-05
MPC,r2,82,SHAM,18023,-0.11743349590585939,-0.10818713820368712,3.8326943999999994e-05,0.000264398448,6.898500647481836,0.000264398448,0.000297601,5.008714749503606e-05
MPC,r2,83,D2,18243,0.45079618932606286,0.7986037920598373,0.000360804722,0.0009661540119999999,2.677775408937137,0.0009661540119999999,0.00101243,7.431794419154682e-05
MPC,r2,84,P2,18463,0.3406360936055446,0.7972644823135684,0.000393803889,0.0008681074616,2.204415664366382,0.0008681074616,0.000912951,7.041600940160822e-05
MPC,r2,85,D1,18683,0.30273816962850136,0.7123262953980931,0.00033995777800000003,0.0006538898968,1.9234444366794277,0.0006538898968,0.000694513,5.704894733070336e-05
MPC,r2,86,D3,18903,0.4097009596008505,0.7541420138775724,0.000344954722,0.000932305284,2.702688858974367,0.000932305284,0.00103751,8.560317482963902e-05
MPC,r2,87,P2,19123,0.43689033625452023,0.7334153760410028,0.000393803889,0.000973716592,2.4725926259199538,0.000973716592,0.00103176,7.551368238728332e-05
MPC,r2,88,LP,19343,0.47184431337258664,0.7267561360006732,0.0005547675,0.0009252549016,1.6678246321206631,0.0009252549016,0.000961776,6.662866296566628e-05
MPC,r2,89,D2,19563,0.4302024223356418,0.7561932337002634,0.000360804722,0.001078827888,2.990060335185968,0.001078827888,0.00113761,7.581570039421789e-05
MPC,r2,90,SHAM,19783,-0.04118813492547201,0.020739906139112863,3.8326943999999994e-05,0.0001666973888,4.349352476419723,0.0001666973888,0.000198844,3.135358013730929e-05
MPC,r2,91,D2,20003,0.11272697718633079,0.36665705657341346,0.000360804722,0.001023434036,2.836531712575536,0.001023434036,0.00109331,9.283009351097155e-05
MPC,r2,92,P2,20223,0.374982444565547,0.7883302778723994,0.000393803889,0.000879560844,2.2334996392074737,0.000879560844,0.000946227,7.115358564820535e-05
MPC,r2,93,D1,20443,0.3655418833595142,0.8359110255967744,0.00033995777800000003,0.00095494674,2.809015712533572,0.00095494674,0.000986174,6.618252309950986e-05
MPC,r2,94,D3,20663,0.3745596440439806,0.6689766235821335,0.000344954722,0.000890400908,2.5812109567237638,0.000890400908,0.000925499,6.103433435654511e-05
MPC,r2,95,SHAM,20883,0.32854038091508386,0.24996767156253252,3.8326943999999994e-05,0.00011904019559999998,3.105914095316339,0.00011904019559999998,0.000154135,3.684560054897572e-05
MPC,r2,96,LP,21103,0.45889467402534045,0.8202469442305607,0.0005547675,0.000958284684,1.7273626951831171,0.000958284684,0.00101151,6.695194923033212e-05
Choi,r1,1,P2,203,0.7791966714315349,0.518898875153022,0.000393803889,0.000922046196904,2.3413841829886044,0.000922046196904,0.00101849553,0.00010195152494555912
Choi,r1,2,D2,423,0.5178578307056749,0.8271912881548781,0.000360804722,0.0009517807378840002,2.6379386960573097,0.0009517807378840002,0.00101752509,5.7005863269025885e-05
Choi,r1,3,SHAM,643,0.005254295238576061,0.004377499337487234,3.8326943999999994e-05,0.00013906078068000002,3.6282772944276496,0.00013906078068000002,0.000178559741,2.97108971308288e-05
Choi,r1,4,D3,863,0.7354585888129488,0.5996367319004954,0.000344954722,0.0008128047164,2.356264937286465,0.0008128047164,0.000859981577,6.582358837957031e-05
Choi,r1,5,LP,1083,0.6481098438665505,0.6150110580188533,0.0005547675,0.00072698156934,1.310425663615839,0.00072698156934,0.000793970074,5.939018842380026e-05
Choi,r1,6,D1,1303,0.45916712271700083,0.8270664609315242,0.00033995777800000003,0.001014953286252,2.985527474097092,0.001014953286252,0.00105100602,6.701290515032549e-05
Choi,r1,7,D1,1523,0.7996094491962702,0.45522700945081934,0.00033995777800000003,0.000615563076364,1.8107044939092407,0.000615563076364,0.00067322026,8.042437793114706e-05
Choi,r1,8,D2,1743,0.45909096406571553,0.8196340434282385,0.000360804722,0.001010297473496,2.800122647773995,0.001010297473496,0.00105567696,6.215947242521063e-05
Choi,r1,9,D3,1963,0.6735334953916187,0.549176600563984,0.000344954722,0.000658729799744,1.909612357021163,0.000658729799744,0.000701304991,5.6306216333948645e-05
Choi,r1,10,LP,2183,0.4731911694151388,0.8368069167651949,0.0005547675,0.0006956951621,1.2540301335244042,0.0006956951621,0.00075354916,4.055689370900713e-05
Choi,r1,11,SHAM,2403,-0.03298324308203937,-0.035242461327535876,3.8326943999999994e-05,0.000113939257844,2.9728239706249475,0.000113939257844,0.000167777442,3.3129121439779904e-05
Choi,r1,12,P2,2623,0.6817629307210313,0.631646417924504,0.000393803889,0.00089078297574,2.261996391152958,0.00089078297574,0.000965086161,8.801623440269997e-05
Choi,r1,13,SHAM,2843,-0.13339465844157342,-0.08086091758932959,3.8326943999999994e-05,0.000117051529884,3.054027210831107,0.000117051529884,0.000164841607,2.965577922267628e-05
Choi,r1,14,D1,3063,0.7031982694839631,0.5502976168647983,0.00033995777800000003,0.000790275563412,2.324628570233801,0.000790275563412,0.000864356989,6.607567397045346e-05
Choi,r1,15,P2,3283,0.573296812440502,0.5987702510823631,0.000393803889,0.0008366418961399999,2.124514052577068,0.0008366418961399999,0.000871207914,7.855447182734162e-05
Choi,r1,16,LP,3503,0.7354771239704175,0.5806449820444691,0.0005547675,0.000640456700176,1.15445966134642,0.000640456700176,0.000704698847,8.017095037139154e-05
Choi,r1,17,D2,3723,0.5078519979299472,0.7999036046996717,0.000360804722,0.00104431351772,2.894400915628815,0.00104431351772,0.00109702721,6.585484085421031e-05
Choi,r1,18,D3,3943,0.49047723739569893,0.8410868305287503,0.000344954722,0.0009634168908199999,2.792879266108437,0.0009634168908199999,0.00101934199,6.11762583660282e-05
Choi,r1,19,D2,4163,0.7120882226379834,0.4402668195138701,0.000360804722,0.000695627446312,1.9279887537392042,0.000695627446312,0.000731923908,8.414132464709472e-05
Choi,r1,20,SHAM,4383,-0.05918823589892842,-0.08810938975308687,3.8326943999999994e-05,0.000129271413192,3.372859917868746,0.000129271413192,0.000174860805,3.2913677935647915e-05
Choi,r1,21,LP,4603,0.5896000126594042,0.6568729237107203,0.0005547675,0.000835401529704,1.5058588141951357,0.000835401529704,0.000872419216,6.245847218149096e-05
Choi,r1,22,D1,4823,0.7097192014883437,0.45473433154596327,0.00033995777800000003,0.000639291734316,1.8805033321402633,0.000639291734316,0.000684611849,6.213504606234685e-05
Choi,r1,23,P2,5043,0.3958771480620965,0.7999087033456097,0.000393803889,0.00076702035524,1.9477216367459491,0.00076702035524,0.000807984092,4.542547267754076e-05
Choi,r1,24,D3,5263,0.7162136678165612,0.5603559237272046,0.000344954722,0.0007263468691412,2.1056295879353115,0.0007263468691412,0.000783042226,8.024372445463952e-05
Choi,r1,25,SHAM,5483,0.07817146395471508,0.036117503858318564,3.8326943999999994e-05,0.00016121412013200002,4.206286839148982,0.00016121412013200002,0.000234653853,4.769376861586661e-05
Choi,r1,26,P2,5703,0.48931891803342226,0.834516383431616,0.000393803889,0.000857922830372,2.1785534737875585,0.000857922830372,0.000901488762,7.3214142095252e-05
Choi,r1,27,LP,5923,0.6027949855625168,0.599649899520513,0.0005547675,0.000743053276144,1.3393958300441176,0.000743053276144,0.00079123833,7.216867666688446e-05
Choi,r1,28,D1,6143,0.8037409351350548,0.5309181501692717,0.00033995777800000003,0.000796203011384,2.3420644059627898,0.000796203011384,0.000894374913,9.31950155093319e-05
Choi,r1,29,D2,6363,0.7789489588227402,0.5210850452942899,0.000360804722,0.000744141591588,2.062449702606719,0.000744141591588,0.000800920301,7.990882594861797e-05
Choi,r1,30,D3,6583,0.6216243032930815,0.4149211278908467,0.000344954722,0.0006633092859959999,1.922887972514839,0.0006633092859959999,0.000708015868,6.897430563495012e-05
Choi,r1,31,D1,6803,0.7441352072612041,0.3884835814543639,0.00033995777800000003,0.000590931828384,1.7382506494203522,0.000590931828384,0.00062542106,8.522070704536774e-05
Choi,r1,32,LP,7023,0.6948902589047712,0.5748731498245907,0.0005547675,0.00075190610618,1.3553535601490714,0.00075190610618,0.00081130024,7.459099154241008e-05
Choi,r1,33,D3,7243,0.6724402567248555,0.566034181906135,0.000344954722,0.0009344323336040001,2.7088550293971627,0.0009344323336040001,0.000995570328,7.442384159319862e-05
Choi,r1,34,P2,7463,0.6140004636830019,0.5853245933006798,0.000393803889,0.000820900232424,2.084540694883793,0.000820900232424,0.000880998326,6.2051722713076e-05
Choi,r1,35,D2,7683,0.7716077445617245,0.5631898497381982,0.000360804722,0.0007407942344184001,2.0531722265497403,0.0007407942344184001,0.00078332593,8.053659788689238e-05
Choi,r1,36,SHAM,7903,-0.13606351127894267,-0.1495840041916731,3.8326943999999994e-05,8.2716620424e-05,2.1581846030823644,8.2716620424e-05,0.000139506898,2.9556659230591952e-05
Choi,r1,37,SHAM,8123,-0.16766950962999247,-0.14990269334443979,3.8326943999999994e-05,0.000180490625928,4.709236038438129,0.000180490625928,0.000215303618,4.602222012800529e-05
Choi,r1,38,D2,8343,0.6787086740626239,0.5965914180796416,0.000360804722,0.00072417512122,2.0071109857037848,0.00072417512122,0.000789816026,5.81182015731734e-05
Choi,r1,39,D1,8563,0.8030274408545491,0.5656263081558488,0.00033995777800000003,0.000759678494904,2.2346260155400826,0.000759678494904,0.000798797118,8.516559277251132e-05
Choi,r1,40,D3,8783,0.7304054394690501,0.5184310833594764,0.000344954722,0.000796176137496,2.308059831388538,0.000796176137496,0.000841912813,8.805661482707967e-05
Choi,r1,41,LP,9003,0.5968206636620003,0.4971625552943082,0.0005547675,0.0005421634441039999,0.9772804717363578,0.0005421634441039999,0.000588540046,7.970442734535329e-05
Choi,r1,42,P2,9223,0.5875605999196107,0.5965412725430641,0.000393803889,0.0008190410929319999,2.07981971689467,0.0008190410929319999,0.000861654,5.7462992178321096e-05
Choi,r1,43,SHAM,9443,-0.15459722601488476,-0.15684626372901478,3.8326943999999994e-05,0.000194559022732,5.076298875589978,0.000194559022732,0.000247957971,5.553999620929362e-05
Choi,r1,44,LP,9663,0.6044715995162164,0.6116049194454989,0.0005547675,0.000698342374864,1.2588018852293978,0.000698342374864,0.00073294068,7.321824493692293e-05
Choi,r1,45,D1,9883,0.740368865311225,0.5869064128346789,0.00033995777800000003,0.00061134788492,1.7983053322580544,0.00061134788492,0.000660419057,7.35724011569613e-05
Choi,r1,46,D3,10103,0.6664185460871819,0.6127800344545515,0.000344954722,0.0006480809831616,1.878742170578549,0.0006480809831616,0.000706839201,5.35049748151736e-05
Choi,r1,47,P2,10323,0.3847699002683578,0.756578810001903,0.000393803889,0.000760143624428,1.930259313482808,0.000760143624428,0.000829369237,6.054586982244524e-05
Choi,r1,48,D2,10543,0.6840183197516257,0.5354954084815737,0.000360804722,0.000774862860952,2.147596230605873,0.000774862860952,0.000823901966,7.780057924301128e-05
Choi,r1,49,D3,10763,0.5537790036817923,0.9152603240006686,0.000344954722,0.000868969765464,2.519083549359269,0.000868969765464,0.000908136775,5.025583550359713e-05
Choi,r1,50,SHAM,10983,0.05347269187311154,0.0397315649607472,3.8326943999999994e-05,9.635161832399999e-05,2.5139394970806963,9.635161832399999e-05,0.00014993723,3.162779110131682e-05
Choi,r1,51,D1,11203,0.7190037818147733,0.6237891193239925,0.00033995777800000003,0.000685034003016,2.015056125634519,0.000685034003016,0.000773590349,8.439123080370983e-05
Choi,r1,52,D2,11423,0.6810570752522197,0.6267338172802072,0.000360804722,0.000782650178616,2.169179422812543,0.000782650178616,0.000852387922,7.403066463246603e-05
Choi,r1,53,P2,11643,0.6264774784296662,0.663841216105322,0.000393803889,0.000703974655244,1.787627483902273,0.000703974655244,0.000742709904,7.177589835768376e-05
Choi,r1,54,LP,11863,0.5987362615801661,0.6449653788933032,0.0005547675,0.000625116044708,1.1268072565678415,0.000625116044708,0.000686406973,7.157089944686063e-05
Choi,r1,55,SHAM,12083,0.3251859481130297,0.25209777599458827,3.8326943999999994e-05,6.097403160799999e-05,1.5908920786379421,8.9770038112e-05,0.000159638133,6.087021767834791e-05
Choi,r1,56,P2,12303,0.5440896667157039,0.5414828839303901,0.000393803889,0.0008504471382719999,2.1595701871598325,0.0008504471382719999,0.000918440055,7.065877815894665e-05
Choi,r1,57,LP,12523,0.5505941712367838,0.7194293216183216,0.0005547675,0.000921940992932,1.6618511230957111,0.000921940992932,0.00101121946,7.854375419037534e-05
Choi,r1,58,D2,12743,0.6418791403920233,0.5663937027866911,0.000360804722,0.000855909353824,2.3722232599383775,0.000855909353824,0.000908995164,6.705603057684154e-05
Choi,r1,59,D3,12963,0.5581100407280614,0.8691260628023884,0.000344954722,0.0006395979753048,1.8541505145849257,0.0006395979753048,0.000673993782,4.4613467876037936e-05
Choi,r1,60,D1,13183,0.6379471964347025,0.677514333388306,0.00033995777800000003,0.0009419134083760001,2.7706776233135635,0.0009419134083760001,0.00102779677,8.638147374351872e-05
Choi,r1,61,P2,13403,0.515075492570846,0.6262587592570732,0.000393803889,0.000756688470252,1.921485519539905,0.000756688470252,0.000810564845,5.480942215511038e-05
Choi,r1,62,SHAM,13623,-0.03899053564279189,0.012435433786796332,3.8326943999999994e-05,0.00014144055551199995,3.6903687262934395,0.00014144055551199995,0.000246174721,6.597941606973091e-05
Choi,r1,63,D3,13843,0.42143257989029476,0.7627113120962807,0.000344954722,0.0007356272418399999,2.1325327497328765,0.0007356272418399999,0.000782643736,5.3824779077305684e-05
Choi,r1,64,LP,14063,0.4419041414426876,0.7975629066612246,0.0005547675,0.000618468026056,1.1148238244958473,0.000618468026056,0.000678763492,4.49529574073296e-05
Choi,r1,65,D1,14283,0.6840115530446542,0.3844068097982642,0.00033995777800000003,0.000669957085728,1.9707067438474666,0.000669957085728,0.00073245645,6.947241220500829e-05
Choi,r1,66,D2,14503,0.7252307768858095,0.6441680618049035,0.000360804722,0.0006781281713400001,1.879488072054667,0.0006781281713400001,0.000740403542,5.80111808922896e-05
Choi,r1,67,D2,14723,0.6695860809421497,0.6478923512233102,0.000360804722,0.0005824600531332,1.6143360039872208,0.0005824600531332,0.000627826957,6.179835558028088e-05
Choi,r1,68,SHAM,14943,0.11141270223324665,0.06782707107642019,3.8326943999999994e-05,0.00016609180476040002,4.333551998312207,0.00016609180476040002,0.000200921204,4.24740689994998e-05
Choi,r1,69,D3,15163,0.7916572111168639,0.5602330920142976,0.000344954722,0.000629049008564,1.8235697859616486,0.000629049008564,0.000676326687,7.210136968546753e-05
Choi,r1,70,LP,15383,0.45159516637525626,0.7084760361811105,0.0005547675,0.0006960403263244,1.2546523116880495,0.0006960403263244,0.00073954754,4.923170039608611e-05
Choi,r1,71,P2,15603,0.5273006857488588,0.6781623695329755,0.000393803889,0.0007417673525759999,1.8835958031282924,0.0007417673525759999,0.000805865042,5.358829407643696e-05
Choi,r1,72,D1,15823,0.7040668125924477,0.6447953957375729,0.00033995777800000003,0.0006515501024040001,1.9165618337580734,0.0006515501024040001,0.000698955322,7.014474616936384e-05
Choi,r1,73,SHAM,16043,0.3499850119130832,0.3874476836768634,3.8326943999999994e-05,0.0002157491059,5.629175806450941,0.0002157491059,0.000266284944,4.349174205308077e-05
Choi,r1,74,D2,16263,0.7052887665157452,0.4864065998692426,0.000360804722,0.000393609303688,1.090920599669979,0.000393609303688,0.000428196334,7.580085467556742e-05
Choi,r1,75,P2,16483,0.5347427864889371,0.7324408185810453,0.000393803889,0.0007807304396144,1.9825361339039493,0.0007807304396144,0.000823473849,5.5407047727539673e-05
Choi,r1,76,D3,16703,0.66615571963155,0.6664646512821665,0.000344954722,0.000551301282256,1.598184477834166,0.000551301282256,0.000603842782,4.5184269749285266e-05
Choi,r1,77,LP,16923,0.3308647236631396,0.6450751185787191,0.0005547675,0.0004889722413280001,0.8814003007169671,0.0004889722413280001,0.000587632356,6.405560375649789e-05
Choi,r1,78,D1,17143,0.31055512565661897,0.7907914527525569,0.00033995777800000003,0.000800577513476,2.354932186537588,0.000800577513476,0.000837056723,5.725494255587665e-05
Choi,r1,79,SHAM,17363,-0.19801265456564268,-0.13128230161315665,3.8326943999999994e-05,0.00010469895842800002,2.7317324968043377,0.00010469895842800002,0.000163447417,3.448301270473663e-05
Choi,r1,80,LP,17583,0.6324468315412763,0.5801331582772427,0.0005547675,0.0005441585685920001,0.9808767972024317,0.0005441585685920001,0.000595578458,6.238659773675851e-05
Choi,r1,81,P2,17803,0.5609619354520878,0.6660657720450078,0.000393803889,0.000694204916708,1.762818844859097,0.000694204916708,0.000785566692,7.20565097200701e-05
Choi,r1,82,D1,18023,0.76741036633654,0.6092010225022831,0.00033995777800000003,0.0008780502556839999,2.582821492861975,0.0008780502556839999,0.000923160231,7.378940902914666e-05
Choi,r1,83,D3,18243,0.3711500938434029,0.20042526568913502,0.000344954722,0.000173934995436,0.5042255819185453,0.000173934995436,0.000222411632,4.969408766287933e-05
Choi,r1,84,D2,18463,0.694682903825672,0.4222269882655489,0.000360804722,0.0003831458955532,1.0619204023421844,0.0003831458955532,0.000423711666,7.132005889463166e-05
Choi,r1,85,SHAM,18683,-0.06298147461384176,-0.05135185674539692,3.8326943999999994e-05,0.000139329603616,3.6352912357426677,0.000139329603616,0.000178663744,4.300987937952073e-05
Choi,r1,86,D2,18903,0.4932902626814181,0.24174057192591744,0.000360804722,0.000371426087932,1.0294379903708688,0.000371426087932,0.000435949973,6.383816295410421e-05
Choi,r1,87,P2,19123,0.5524290016719463,0.5963182771594293,0.000393803889,0.0008170141155688,2.0746725423242327,0.0008170141155688,0.000856475905,6.022906549360224e-05
Choi,r1,88,D3,19343,0.6617155199764058,0.5084401822208636,0.000344954722,0.000902082222428,2.615074283366383,0.000902082222428,0.000950775051,6.754026543363036e-05
Choi,r1,89,LP,19563,0.5555909993260018,0.7358095848779843,0.0005547675,0.000766801307808,1.3822030090226987,0.000766801307808,0.00083148462,5.514130098690813e-05
Choi,r1,90,D1,19783,0.7460797385877965,0.5804272704982898,0.00033995777800000003,0.000751190581608,2.2096584641402144,0.000751190581608,0.000811217877,6.646995395367109e-05
Choi,r1,91,LP,20003,0.4338271968112482,0.5617970277608615,0.0005547675,0.00035112972606,0.6329313199853992,0.00035112972606,0.000421021425,5.047493819239954e-05
Choi,r1,92,P2,20223,0.3404745245209442,0.4863698229870508,0.000393803889,0.0004971767871840001,1.262498418810689,0.0004971767871840001,0.000557210005,5.360453434796898e-05
Choi,r1,93,SHAM,20443,0.17867126764176003,0.03669926499755274,3.8326943999999994e-05,0.000162850434124,4.248980407203872,0.000162850434124,0.000251755788,5.843215127473422e-05
Choi,r1,94,D2,20663,0.6225996484400186,0.5201949553437321,0.000360804722,0.000346403759804,0.9600865473262847,0.000346403759804,0.000450242194,7.568873171681954e-05
Choi,r1,95,D1,20883,0.7040600701199986,0.543714467036116,0.00033995777800000003,0.000803920342368,2.3647652573138065,0.000803920342368,0.000877685903,7.761566246977493e-05
Choi,r1,96,D3,21103,0.3754774191256602,0.5844349102317054,0.000344954722,0.00046346529224000003,1.3435539874708542,0.00046346529224000003,0.000507188612,5.250114601311201e-05
Choi,r1,97,P2,21323,0.47938527208667453,0.44989086692658825,0.000393803889,0.00035198641501759997,0.8938114245428388,0.00035198641501759997,0.000398256845,5.6918018350876e-05
Choi,r1,98,LP,21543,0.39283373040689085,0.6705912149472693,0.0005547675,0.00038176474356799996,0.6881526830032401,0.00038176474356799996,0.000427800464,4.494398123633207e-05
Choi,r1,99,SHAM,21763,0.05035484836155038,0.013967954692994826,3.8326943999999994e-05,0.00016254162375199996,4.240923141485008,0.00016254162375199996,0.000231391852,4.700819176800738e-05
Choi,r1,100,D2,21983,0.3498112756328103,0.7157165516609343,0.000360804722,0.00036926188780800004,1.023439731501075,0.00036926188780800004,0.000408144901,3.4852743682101386e-05
Choi,r2,1,D2,203,0.6748607127661902,0.6472597747987537,0.000360804722,0.001027474458916,2.847730077423987,0.001027474458916,0.00113238674,0.00010133930834581497
Choi,r2,2,SHAM,423,0.09534354863248104,0.0544017969585519,3.8326943999999994e-05,0.00012190175364799997,3.1805758801954047,0.00012190175364799997,0.000188762846,4.3636554122016115e-05
Choi,r2,3,LP,643,0.41939028370377096,0.8109353295732858,0.0005547675,0.000898757959,1.6200623846926865,0.000898757959,0.000959761441,6.140547792663628e-05
Choi,r2,4,P2,863,0.4990028087090229,0.7868793163511278,0.000393803889,0.001085427889816,2.756265034792483,0.001085427889816,0.00112839031,8.515023001328211e-05
Choi,r2,5,D3,1083,0.7128115972370628,0.6468474058260788,0.000344954722,0.000604147174848,1.751381083712198,0.000604147174848,0.000668620225,6.504985411621727e-05
Choi,r2,6,D1,1303,0.3825478663511826,0.8138961853142005,0.00033995777800000003,0.0009088292979120001,2.6733593308519623,0.0009088292979120001,0.000954498188,5.8211583262259585e-05
Choi,r2,7,D1,1523,0.6355244582258354,0.7509833745079862,0.00033995777800000003,0.0008424501225676,2.4781022147038505,0.0008424501225676,0.000882759923,7.527472675960768e-05
Choi,r2,8,D2,1743,0.4974716878329017,0.7895955458195921,0.000360804722,0.0007474012491839999,2.0714841120732337,0.0007474012491839999,0.000807635777,5.8215099940438626e-05
Choi,r2,9,D3,1963,0.6735562572097537,0.6621024845392145,0.000344954722,0.0007180114601532,2.0814658109048874,0.0007180114601532,0.000765989069,7.217256771796681e-05
Choi,r2,10,P2,2183,0.556459056859703,0.9003049075113017,0.000393803889,0.0009000249518852,2.285464864683447,0.0009000249518852,0.000951020105,6.55402127707808e-05
Choi,r2,11,SHAM,2403,0.10963987381031295,0.06234043165888079,3.8326943999999994e-05,0.00016052753259199998,4.188372873976073,0.00016052753259199998,0.000209432779,3.822054659403557e-05
Choi,r2,12,LP,2623,0.5849070457018665,0.7450225239633746,0.0005547675,0.000910255921148,1.6407881160089586,0.000910255921148,0.000968780776,6.180194572769162e-05
Choi,r2,13,P2,2843,0.4662625116531491,0.8029896664526237,0.000393803889,0.0009649914106720001,2.450436467558603,0.0009649914106720001,0.00104479364,7.28562252086528e-05
Choi,r2,14,LP,3063,0.48553471222359923,0.747370115423516,0.0005547675,0.0007110959845520001,1.2817909927167688,0.0007110959845520001,0.000759528426,5.073998029193016e-05
Choi,r2,15,D2,3283,0.592908241948324,0.7705008559348541,0.000360804722,0.0005920010946879999,1.6407797863798466,0.0005920010946879999,0.000650743081,4.7694804533775925e-05
Choi,r2,16,SHAM,3503,-0.11537248615214736,-0.12229577952507399,3.8326943999999994e-05,0.00014110974762399997,3.6817375166671256,0.00014110974762399997,0.000184247081,3.0366662709653905e-05
Choi,r2,17,D3,3723,0.5897244810546579,0.7075258076266993,0.000344954722,0.0008848265364784,2.5650512372994854,0.0008848265364784,0.000920204271,6.895335047102417e-05
Choi,r2,18,D1,3943,0.5426537698974987,0.6950475536591576,0.00033995777800000003,0.0008306697080319999,2.443449633418888,0.0008306697080319999,0.000868755043,7.214223283853993e-05
Choi,r2,19,D3,4163,0.5240891057476785,0.8022941492029182,0.000344954722,0.000907478966888,2.6307190741630144,0.000907478966888,0.00095162174,7.373713818009878e-05
Choi,r2,20,SHAM,4383,0.06334169967583779,0.09439172018181399,3.8326943999999994e-05,8.733658904800001e-05,2.2787256152747273,8.733658904800001e-05,0.000135757538,2.909755074020638e-05
Choi,r2,21,P2,4603,0.4701091238077175,0.831958557712767,0.000393803889,0.0009555781021160001,2.4265329236400714,0.0009555781021160001,0.000982402591,7.169615370153236e-05
Choi,r2,22,LP,4823,0.4456484581476235,0.824449477479503,0.0005547675,0.0009440512113160001,1.7017060504012944,0.0009440512113160001,0.000981685356,6.965968730439443e-05
Choi,r2,23,D2,5043,0.5891902051758156,0.8250058211181661,0.000360804722,0.0009747801280640001,2.7016833999861016,0.0009747801280640001,0.00100616098,7.130201038178297e-05
Choi,r2,24,D1,5263,0.5898135286315498,0.8730005880399899,0.00033995777800000003,0.0008745948069679999,2.572657146170663,0.0008745948069679999,0.000911962357,6.894401564716627e-05
Choi,r2,25,P2,5483,0.4003732822031199,0.7455225770462415,0.000393803889,0.0006589058482479999,1.6731826847144213,0.0006589058482479999,0.000736094546,5.449373098145271e-05
Choi,r2,26,D2,5703,0.5524896336247042,0.8988225779752431,0.000360804722,0.000927225855148,2.569882816411699,0.000927225855148,0.000954784802,6.339624516000963e-05
Choi,r2,27,LP,5923,0.42900249944475494,0.7741924956845283,0.0005547675,0.0009581133959960001,1.727053938804995,0.0009581133959960001,0.00100043998,7.290058041398045e-05
Choi,r2,28,D3,6143,0.49145947778432303,0.8239555138421591,0.000344954722,0.000838479529416,2.4306944533317623,0.000838479529416,0.000885356218,6.306981809575976e-05
Choi,r2,29,D1,6363,0.5437928527902783,0.7271912965086906,0.00033995777800000003,0.000934103302012,2.7477038693081464,0.000934103302012,0.000974695373,7.78201824225373e-05
Choi,r2,30,SHAM,6583,0.05036934817537251,-0.01440377390862097,3.8326943999999994e-05,0.00014757653697999997,3.8504644925512452,0.00014757653697999997,0.000194634369,3.3330401788269296e-05
Choi,r2,31,D1,6803,0.5454861407206685,0.7601084120897483,0.00033995777800000003,0.00062460565818,1.8373036259226283,0.00062460565818,0.000662145205,4.7269049572975774e-05
Choi,r2,32,D3,7023,0.4894464630948623,0.7300093133139965,0.000344954722,0.0009284032230439999,2.691377052794772,0.0009284032230439999,0.000979539938,7.983370323532386e-05
Choi,r2,33,LP,7243,0.49462271280244996,0.8511387595228462,0.0005547675,0.0008451569042227999,1.5234434321094872,0.0008451569042227999,0.00088645221,5.648534821831596e-05
Choi,r2,34,SHAM,7463,-0.03943000184391024,-0.03695882694130116,3.8326943999999994e-05,5.5518536343999994e-05,1.4485510857322723,6.5383515226e-05,0.000129096778,4.1508965738110246e-05
Choi,r2,35,D2,7683,0.5309536524328752,0.7557409440173127,0.000360804722,0.0009295909817360001,2.5764379595231577,0.0009295909817360001,0.00100846228,7.150008454565568e-05
Choi,r2,36,P2,7903,0.44514061868446664,0.8585971115922866,0.000393803889,0.0008035149956552,2.0403937546061157,0.0008035149956552,0.000856823346,5.8425419380698284e-05
Choi,r2,37,D2,8123,0.5928502329768129,0.8043067826509528,0.000360804722,0.001034916144952,2.8683553231102112,0.001034916144952,0.00109255197,7.17781098533569e-05
Choi,r2,38,SHAM,8343,-0.12423516969675907,-0.13384497501440104,3.8326943999999994e-05,0.00012511646050000002,3.264451778362502,0.00012511646050000002,0.00019101784,4.15281381718887e-05
Choi,r2,39,D3,8563,0.47297962267967264,0.8269717827349269,0.000344954722,0.00110497020862,3.2032325930010024,0.00110497020862,0.00115567923,7.365701268718518e-05
Choi,r2,40,LP,8783,0.5349721024185915,0.8699450478440388,0.0005547675,0.0009287139442480001,1.6740597534066073,0.0009287139442480001,0.000967314001,5.7229258747382946e-05
Choi,r2,41,P2,9003,0.40957791480556044,0.8316344328325599,0.000393803889,0.00084637274349,2.1492239338702923,0.00084637274349,0.000889856718,6.138187317329634e-05
Choi,r2,42,D1,9223,0.3971625228176061,0.7425970364418661,0.00033995777800000003,0.000764136324212,2.2477389066003366,0.000764136324212,0.000820754853,6.317326023310491e-05
Choi,r2,43,D1,9443,0.4002397240458897,0.8467232112660096,0.00033995777800000003,0.00099538905354,2.9279784666082858,0.00099538905354,0.00103794271,7.127729038376959e-05
Choi,r2,44,D3,9663,0.5328385393606151,0.7163720248112603,0.000344954722,0.0009870689078320001,2.86144483574282,0.0009870689078320001,0.00103894761,7.622052935194662e-05
Choi,r2,45,SHAM,9883,-0.0244003879571552,0.004356076309794473,3.8326943999999994e-05,0.00011397299622400001,2.9737042490003907,0.00011397299622400001,0.000159354095,3.08894180624502e-05
Choi,r2,46,P2,10103,0.43212343399887254,0.7173040185823195,0.000393803889,0.0007425899714928,1.885684708138573,0.0007425899714928,0.000779485214,6.613627931149279e-05
Choi,r2,47,LP,10323,0.43370621557332517,0.8354784989995961,0.0005547675,0.00080597280912,1.4528118700536712,0.00080597280912,0.000860288099,4.228912885496704e-05
Choi,r2,48,D2,10543,0.5023825166444994,0.66098760327854,0.000360804722,0.0006081540335928001,1.685548986780722,0.0006081540335928001,0.000644341344,6.598328399676433e-05
Choi,r2,49,SHAM,10763,0.063662043261194,0.057823366813584354,3.8326943999999994e-05,0.00011383903658800001,2.970209067229572,0.00011383903658800001,0.000155217786,2.9324632330777087e-05
Choi,r2,50,D3,10983,0.5369142190336817,0.7554483574159996,0.000344954722,0.00078431265556,2.2736684136766216,0.00078431265556,0.00083843444,5.648565826109501e-05
Choi,r2,51,P2,11203,0.4732563881592332,0.8091656164785456,0.000393803889,0.000646522045156,1.6417360600418043,0.000646522045156,0.000698158459,4.157849520424203e-05
Choi,r2,52,D2,11423,0.5945116812281813,0.8252851851969262,0.000360804722,0.000736077183816,2.0400985323468133,0.000736077183816,0.000771828403,4.879975606873213e-05
Choi,r2,53,LP,11643,0.5364396997762345,0.6896080256812368,0.0005547675,0.000764895108764,1.378766976731694,0.000764895108764,0.000822062546,5.5027048868205354e-05
Choi,r2,54,D1,11863,0.40198636880417166,0.8111639411312658,0.00033995777800000003,0.0007531933993199999,2.2155498360740546,0.0007531933993199999,0.000800125243,5.581521914008146e-05
Choi,r2,55,D2,12083,0.44875706474042126,0.8756029402573855,0.000360804722,0.0007453788221960001,2.0658787891251604,0.0007453788221960001,0.000840041728,6.71209279293914e-05
Choi,r2,56,D3,12303,0.46421816723587084,0.6653499433912059,0.000344954722,0.00093445753088,2.7089280745662614,0.00093445753088,0.00099524355,6.785675279962676e-05
Choi,r2,57,LP,12523,0.5280053327996318,0.7837251012529238,0.0005547675,0.0005682449253208,1.024293826370146,0.0005682449253208,0.00063236081,4.525095701787329e-05
Choi,r2,58,D1,12743,0.4033896864926883,0.8565346062249491,0.00033995777800000003,0.0008045316629920001,2.36656348245693,0.0008045316629920001,0.000854567334,5.254037234243683e-05
Choi,r2,59,P2,12963,0.4158945995733771,0.7615442018960514,0.000393803889,0.000784418082508,1.9919002945854607,0.000784418082508,0.000838634325,5.9242464265209935e-05
Choi,r2,60,SHAM,13183,-0.1514889782317938,-0.1862590916601161,3.8326943999999994e-05,0.00014182612162,3.7004286493595737,0.00014182612162,0.000209001126,4.423254914730867e-05
Choi,r2,61,D2,13403,0.5408075368375537,0.7367337835700722,0.000360804722,0.00082839171924,2.2959558695576052,0.00082839171924,0.000883842236,5.330219644357601e-05
Choi,r2,62,SHAM,13623,-0.01471955988529957,0.035957140241424754,3.8326943999999994e-05,4.540988712e-05,1.1848032318986874,6.666806849e-05,0.000121328951,4.344483912919735e-05
Choi,r2,63,D3,13843,0.45698217876381164,0.6955392804937188,0.000344954722,0.000582790099576,1.689468392248882,0.000582790099576,0.000617108541,4.5290042088933984e-05
Choi,r2,64,D1,14063,0.6145049361675634,0.7245540558406623,0.00033995777800000003,0.0005678898464328001,1.6704716973200124,0.0005678898464328001,0.000609821989,4.45077406030382e-05
Choi,r2,65,P2,14283,0.4294383453895493,0.7644735108417738,0.000393803889,0.0009834676409679998,2.4973538058889,0.0009834676409679998,0.00103352626,6.38302331542037e-05
Choi,r2,66,LP,14503,0.14915710614345812,0.44240615774255804,0.0005547675,0.00023519352075600003,0.42394971002446974,0.00023519352075600003,0.00027536173,5.1722363613893935e-05
Choi,r2,67,LP,14723,0.4204382230202273,0.7809606635655756,0.0005547675,0.0005605796149652,1.010476668091047,0.0005605796149652,0.000613067765,3.944905738972049e-05
Choi,r2,68,D1,14943,0.3533978574241012,0.8259610395919006,0.00033995777800000003,0.000643689935724,1.8934408252427157,0.000643689935724,0.000698685646,4.74298776998073e-05
Choi,r2,69,SHAM,15163,0.22065428881927246,0.22514277708641076,3.8326943999999994e-05,0.000137018499272,3.5749915065495443,0.000137018499272,0.00019241414,3.7074464505898966e-05
Choi,r2,70,D3,15383,0.5866554104837001,0.7139928638245904,0.000344954722,0.0008295564738080001,2.4048271291905956,0.0008295564738080001,0.00087861513,5.8622126160409846e-05
Choi,r2,71,D2,15603,0.5445017026707375,0.7798689483720902,0.000360804722,0.001023218619146,2.835934667024674,0.001023218619146,0.00106171228,7.979293988525267e-05
Choi,r2,72,P2,15823,0.3965584495330268,0.7173411188385393,0.000393803889,0.000361115902416,0.9169942514610363,0.000361115902416,0.00039944629,3.0250690659985288e-05
Choi,r2,73,D1,16043,0.45492237394822166,0.7665620253924158,0.00033995777800000003,0.000711274853308,2.0922446825381944,0.000711274853308,0.000751377782,5.081977493459547e-05
Choi,r2,74,D3,16263,0.5396666985837056,0.6553885537170485,0.000344954722,0.000823955711628,2.388590905063767,0.000823955711628,0.000868923962,6.686414478008635e-05
Choi,r2,75,LP,16483,0.3807198563383314,0.7333317593143595,0.0005547675,0.000612991044504,1.1049512534602333,0.000612991044504,0.000672615308,4.612311138071443e-05
Choi,r2,76,P2,16703,0.36227106980948476,0.6011255373479052,0.000393803889,0.0004731652035,1.201524963863422,0.0004731652035,0.000540480833,5.372739751084407e-05
Choi,r2,77,D2,16923,0.20807366663569438,0.4019017392504422,0.000360804722,0.00020198379626799998,0.5598147251188137,0.00020198379626799998,0.000320192252,7.336950031190078e-05
Choi,r2,78,SHAM,17143,-0.1341833778196568,-0.16867074785559966,3.8326943999999994e-05,0.00011364255904,2.9650827115253438,0.00011364255904,0.00016857624,3.6004908593812604e-05
Choi,r2,79,LP,17363,0.30162595558172445,0.4483312155425553,0.0005547675,0.00028340322431599996,0.51085044512521,0.00028340322431599996,0.000340500177,5.140199619016769e-05
Choi,r2,80,D1,17583,0.5088400103560821,0.6201750590071814,0.00033995777800000003,0.000619424761016,1.8220638005699636,0.000619424761016,0.000692523376,5.2033360264516436e-05
Choi,r2,81,D3,17803,0.4919143738535428,0.6094709578759697,0.000344954722,0.0007725107638880001,2.2394555419015254,0.0007725107638880001,0.000853149104,6.812724261760983e-05
Choi,r2,82,SHAM,18023,0.05043962386451507,0.08281738601970769,3.8326943999999994e-05,0.00011345100115200001,2.960084716172519,0.00011345100115200001,0.000162004537,3.3198117344285035e-05
Choi,r2,83,D2,18243,0.4532865846921292,0.6468044777216647,0.000360804722,0.0005479467937584,1.5186796633953146,0.0005479467937584,0.000590731855,5.138528263010963e-05
Choi,r2,84,P2,18463,0.3535081538801536,0.7363840235003647,0.000393803889,0.00047552449250400005,1.2075159890155378,0.00047552449250400005,0.000543818169,4.5492693305927924e-05
Choi,r2,85,D1,18683,0.4653797783244903,0.6973220376297601,0.00033995777800000003,0.0007690143247280001,2.2620877488145013,0.0007690143247280001,0.000845173257,6.915560313769803e-05
Choi,r2,86,D3,18903,0.370004527386852,0.6636988851452911,0.000344954722,0.00036530909134400004,1.059005915982214,0.00036530909134400004,0.000422043668,4.071227232814056e-05
Choi,r2,87,P2,19123,0.20783886798080597,0.5094553935213476,0.000393803889,0.000268757763476,0.6824659963578977,0.000268757763476,0.000312028162,4.0295307483893124e-05
Choi,r2,88,LP,19343,0.4771570496695031,0.7098521639339423,0.0005547675,0.000579321988436,1.0442608632192765,0.000579321988436,0.000626527122,4.032807711878148e-05
Choi,r2,89,D2,19563,0.5765317675999384,0.8168868353612434,0.000360804722,0.001009147638324,2.796935784903613,0.001009147638324,0.0010598778,7.486048585135237e-05
Choi,r2,90,SHAM,19783,-0.23390004466284992,-0.23124008626735562,3.8326943999999994e-05,0.00013825550051199998,3.6072664836518142,0.00013825550051199998,0.000188142076,3.9744475896660123e-05
Choi,r2,91,D2,20003,0.357983482332579,0.6709511583800585,0.000360804722,0.0008465570099239999,2.3463024686356517,0.0008465570099239999,0.000883964472,6.803346403330961e-05
Choi,r2,92,P2,20223,0.30393174709532017,0.5846120851707836,0.000393803889,0.000600314942692,1.5244007473273073,0.000600314942692,0.000638653291,5.5797602847612726e-05
Choi,r2,93,D1,20443,0.31461955175288187,0.6982482321389264,0.00033995777800000003,0.00093294705258,2.744302713321064,0.00093294705258,0.000998915872,7.27419198958987e-05
Choi,r2,94,D3,20663,0.48229852800083484,0.7562706898612923,0.000344954722,0.000646285164124,1.8735362147731376,0.000646285164124,0.000742474629,6.75297919855195e-05
Choi,r2,95,SHAM,20883,0.10127728133735477,0.07943450197075765,3.8326943999999994e-05,0.00020578580696399996,5.369220331367927,0.00020578580696399996,0.00028233492,4.9305827784003584e-05
Choi,r2,96,LP,21103,0.4066897852054852,0.6597380521745565,0.0005547675,0.0009022664861439999,1.6263867045996745,0.0009022664861439999,0.000948188303,7.196655500826921e-05
Choi,r2,97,D1,21323,0.4540609099208801,0.6715131683668578,0.00033995777800000003,0.0009360880452039999,2.753542074286648,0.0009360880452039999,0.000988127198,8.227279790262105e-05
Choi,r2,98,LP,21543,0.4031595642850202,0.7709866145949624,0.0005547675,0.0008606793763799999,1.5514235718206273,0.0008606793763799999,0.000929661095,5.820377060737595e-05
Choi,r2,99,P2,21763,0.5076214975918986,0.7710750415922899,0.000393803889,0.000869841326228,2.208818527508244,0.000869841326228,0.00091428723,5.997928800139938e-05
Choi,r2,100,D2,21983,0.5264086074143781,0.8115353773988017,0.000360804722,0.001006413369952,2.7893575349382487,0.001006413369952,0.00105766708,7.077790501369395e-05
Hold,r1,1,P2,203,-0.05425248979014846,-0.06425873930351175,0.000393803889,-2.297320000000031e-07,-0.0005833665091103331,4.7250192e-05,5.40338e-05,5.736841372402076e-05
Hold,r1,2,D2,423,0.049099616218208235,0.07293690110601316,0.000360804722,4.594905599999998e-05,0.12735159269894475,0.000167919354,0.0002217,0.00014353150691912705
Hold,r1,3,SHAM,643,-0.15907634419025843,-0.15946344574746263,3.8326943999999994e-05,0.00029244308,7.630221705127338,0.00029244308,0.000312545,5.9745906009556195e-05
Hold,r1,4,D3,863,-0.09028747024318229,0.021303736903103606,0.000344954722,5.5883967999999995e-05,0.16200377741169172,5.5883967999999995e-05,7.71237e-05,4.1389236977025717e-05
Hold,r1,5,LP,1083,-0.13022296948931272,-0.10997782145004735,0.0005547675,0.000473865556,0.854169640434957,0.000473865556,0.000499856,9.376112733198286e-05
Hold,r1,6,D1,1303,0.015719109901700428,-0.05194612358469649,0.00033995777800000003,-1.649168400000002e-05,-0.048510977148462295,0.00017661833400000002,0.000167372,0.00014848921775306208
Hold,r1,7,D1,1523,0.01043773018378507,-0.037809082036039325,0.00033995777800000003,4.547279040000001e-05,0.13376011182188632,4.547279040000001e-05,6.78534e-05,3.567761017817786e-05
Hold,r1,8,D2,1743,-0.0850215200815283,-0.04182592043246913,0.000360804722,0.0005851289692,1.621733124656833,0.0005851289692,0.000612046,0.00011044744855739798
Hold,r1,9,D3,1963,-0.051499220808733,-0.01428925704953933,0.000344954722,0.000414042472,1.2002806327724367,0.000414042472,0.000485343,7.320393196081577e-05
Hold,r1,10,LP,2183,0.09774125991753663,0.00017946454068203956,0.0005547675,0.00020042584799999998,0.3612790006624396,0.00020042584799999998,0.000239235,6.8844448549772e-05
Hold,r1,11,SHAM,2403,0.08967915390615964,0.0643800405627749,3.8326943999999994e-05,-8.418304000000005e-06,-0.21964454040478693,0.000156532434,0.000153318,0.00013082912703858265
Hold,r1,12,P2,2623,-0.031234152604303213,-0.07578076402844301,0.000393803889,0.00023094438799999996,0.5864451683970037,0.00023094438799999996,0.000463321,0.00019409699602061312
Hold,r1,13,SHAM,2843,-0.127461440983985,-0.132834862298354,3.8326943999999994e-05,0.000590511548,15.407217126416343,0.000590511548,0.000625289,8.207885526399733e-05
Hold,r1,14,D1,3063,-0.08502324316750695,-0.08812153864908452,0.00033995777800000003,0.00047725315199999995,1.4038600758238864,0.00047725315199999995,0.000500741,7.955850545699357e-05
Hold,r1,15,P2,3283,0.103476863133218,0.13134254827864073,0.000393803889,0.00041434847720000004,1.0521695919564675,0.00041434847720000004,0.000445963,7.34874247483972e-05
Hold,r1,16,LP,3503,0.06474194647899403,0.10154062191625861,0.0005547675,0.00020656343600000001,0.3723423524269176,0.00020656343600000001,0.000232863,5.685561158983893e-05
Hold,r1,17,D2,3723,-0.005591219535042481,-0.09254439331615358,0.000360804722,0.00022544849600000002,0.6248490727901284,0.00022544849600000002,0.000256591,7.241937497443288e-05
Hold,r1,18,D3,3943,-0.08984688155023236,-0.10756541229228019,0.000344954722,0.000158130774,0.4584102315897563,0.000158130774,0.000189657,5.551989187821955e-05
Hold,r1,19,D2,4163,0.15829504136978936,-0.012225103667880913,0.000360804722,0.00010856801200000003,0.3009051860468723,0.00010856801200000003,0.000205626,7.960011178387553e-05
Hold,r1,20,SHAM,4383,0.17108505840316154,0.12989160258782856,3.8326943999999994e-05,0.0002091731,5.457599228365299,0.0002091731,0.000358639,0.00011011031738934857
Hold,r1,21,LP,4603,0.03355870991845231,0.056846249199212114,0.0005547675,0.00019249744400000004,0.3469876011121777,0.00019249744400000004,0.000280096,8.274559519542015e-05
Hold,r1,22,D1,4823,0.058115724815252894,0.032307213067843545,0.00033995777800000003,0.00011168835200000001,0.3285359513086357,0.00011168835200000001,0.000136068,3.7270027856663286e-05
Hold,r1,23,P2,5043,-0.09709273608017673,-0.05977887399071299,0.000393803889,0.00034929567200000003,0.8869787266118138,0.00034929567200000003,0.000373414,8.313787155973256e-05
Hold,r1,24,D3,5263,-0.1428432166642244,-0.1298117103213757,0.000344954722,0.000214749164,0.6225430478380289,0.000214749164,0.000251404,5.735765205290822e-05
Hold,r1,25,SHAM,5483,0.2102670368540152,0.2484698331545839,3.8326943999999994e-05,0.00023273732840000002,6.072420707479314,0.00023273732840000002,0.000256139,4.261516441683684e-05
Hold,r1,26,P2,5703,0.03139643042469862,0.0313285422234954,0.000393803889,7.734636e-05,0.19640831937035544,0.00013188295,0.000216356,0.00011529978808483468
Hold,r1,27,LP,5923,-0.06500968843658551,-0.04695327326179533,0.0005547675,0.00040792514400000003,0.7353082940150604,0.00040792514400000003,0.000431138,9.596651540192406e-05
Hold,r1,28,D1,6143,-0.12384803901298944,-0.12334762775674084,0.00033995777800000003,0.000318608504,0.9372002190224927,0.000318608504,0.000370898,6.633729492293794e-05
Hold,r1,29,D2,6363,-0.00018774633951003914,-0.06362053624194257,0.000360804722,1.48052184e-05,0.041033882034393114,3.3964911600000004e-05,5.4268e-05,4.669694597735702e-05
Hold,r1,30,D3,6583,0.2819260628433112,0.3017635404871995,0.000344954722,2.8218588000000002e-05,0.08180374466652467,2.8218588000000002e-05,5.21573e-05,3.9240842610916686e-05
Hold,r1,31,D1,6803,-0.15173675856276503,-0.15767652592815853,0.00033995777800000003,0.00042241179959999996,1.242541947665042,0.00042241179959999996,0.000446939,0.00010334707917258152
Hold,r1,32,LP,7023,0.0012258681935434813,0.03299844902121838,0.0005547675,0.00025156456679999997,0.45345945247333336,0.00025156456679999997,0.000278127,6.754516924964199e-05
Hold,r1,33,D3,7243,0.022467855657135313,0.04080237236773195,0.000344954722,2.2178138400000004e-05,0.06429289696750405,2.2178138400000004e-05,4.74811e-05,4.228311330560661e-05
Hold,r1,34,P2,7463,-0.09567464061335758,-0.097305648462518,0.000393803889,0.0005868306251999999,1.490159547916501,0.0005868306251999999,0.000608774,0.00010740687682608709
Hold,r1,35,D2,7683,-0.11292940654856957,-0.08928781585214028,0.000360804722,0.000203413224,0.563776501794231,0.000203413224,0.000239894,4.892365564397604e-05
Hold,r1,36,SHAM,7903,-0.05018886519620579,-0.08051914842114133,3.8326943999999994e-05,0.000202617444,5.286553605734912,0.000202617444,0.000302018,6.968920689215317e-05
Hold,r1,37,SHAM,8123,0.1637447781058277,0.15518537072500171,3.8326943999999994e-05,3.7314783999999987e-05,0.9735914243514951,0.000112099426,0.000157093,9.339957035134401e-05
Hold,r1,38,D2,8343,-0.06076104159146865,-0.07538638900889583,0.000360804722,0.000532294824,1.4752989402394794,0.000532294824,0.000556261,9.168309430338245e-05
Hold,r1,39,D1,8563,0.009640328047500469,0.0036564932291616174,0.00033995777800000003,5.7452708e-05,0.1689995397016626,5.7452708e-05,8.19632e-05,3.5896165155212534e-05
Hold,r1,40,D3,8783,-0.03703242643671483,-0.05367183997631103,0.000344954722,0.00026190133199999996,0.7592339379543265,0.00026190133199999996,0.000288346,5.583896211243491e-05
Hold,r1,41,LP,9003,-0.009600117499188317,0.08433986607413899,0.0005547675,0.0001748079744,0.3151013251497249,0.0001748079744,0.000286695,9.249987724273876e-05
Hold,r1,42,P2,9223,0.05105197999897804,0.1263234840625621,0.000393803889,4.4195243999999994e-05,0.11222653009401844,4.4195243999999994e-05,6.60938e-05,4.131292510488765e-05
Hold,r1,43,SHAM,9443,-0.17722961323422187,-0.17198583202211976,3.8326943999999994e-05,0.00047871604800000004,12.490326596349558,0.00047871604800000004,0.000498281,9.37885622475734e-05
Hold,r1,44,LP,9663,0.21190410790865274,0.3752719562009414,0.0005547675,0.000259971156,0.46861280806824473,0.000259971156,0.0002867,6.241406784006507e-05
Hold,r1,45,D1,9883,-0.030252345297378275,0.011354626289700949,0.00033995777800000003,3.33043184e-05,0.09796604330082426,3.33043184e-05,6.40766e-05,3.677557914173118e-05
Hold,r1,46,D3,10103,0.2853939042285299,0.26107530770244153,0.000344954722,0.00030341348,0.8795747982252582,0.00030341348,0.000441016,0.00010986723264515112
Hold,r1,47,P2,10323,0.04371531478832853,0.11184492874414012,0.000393803889,0.00020407624800000001,0.5182179600059765,0.00020407624800000001,0.000289163,7.276947610860563e-05
Hold,r1,48,D2,10543,-0.06921076375681333,-0.08129707559409807,0.000360804722,0.000215046432,0.596018895783742,0.000215046432,0.000238306,5.9484086871649057e-05
Hold,r1,49,D3,10763,0.1274153017417547,0.04365597197372812,0.000344954722,0.00025265418799999995,0.7324271038678518,0.00025265418799999995,0.000331032,7.03344235046395e-05
Hold,r1,50,SHAM,10983,0.1931968467912877,0.281214078833443,3.8326943999999994e-05,0.000262009268,6.836163822505652,0.000262009268,0.000325203,6.01832817781183e-05
Hold,r1,51,D1,11203,-0.022735631290830626,-0.041458687481681834,0.00033995777800000003,9.66359644e-05,0.2842587246231501,9.66359644e-05,0.000116284,3.645333803590274e-05
Hold,r1,52,D2,11423,-0.05454428987573011,-0.008959032551466838,0.000360804722,6.0499516e-05,0.16767939084788366,6.0499516e-05,8.47582e-05,4.085026746670174e-05
Hold,r1,53,P2,11643,-0.15938181675833885,-0.1510324074623235,0.000393803889,0.00026387904,0.670077283061062,0.00026387904,0.000294032,8.917785370082022e-05
Hold,r1,54,LP,11863,-0.02490671400226112,0.06070440783221132,0.0005547675,5.0568861600000006e-05,0.09115325176763239,5.0568861600000006e-05,7.42041e-05,5.447363824903709e-05
Hold,r1,55,SHAM,12083,-0.12263018766373718,-0.12203330815124812,3.8326943999999994e-05,0.00039947699999999997,10.422876397345952,0.00039947699999999997,0.000425249,5.629187310458977e-05
Hold,r1,56,P2,12303,-0.033074931999156176,-0.01584453353276115,0.000393803889,0.000180060276,0.4572333616542827,0.000180060276,0.000245037,7.084308173868387e-05
Hold,r1,57,LP,12523,0.010091589353235607,0.07726660016369966,0.0005547675,2.875968e-05,0.0518409604023307,2.875968e-05,5.61117e-05,5.51222867783966e-05
Hold,r1,58,D2,12743,-0.03185500123861503,-0.005543866573577873,0.000360804722,0.000318920292,0.8839138529899839,0.000318920292,0.000358312,7.58926711607723e-05
Hold,r1,59,D3,12963,0.04846245115123694,-0.023583317593504148,0.000344954722,0.000162652292,0.471517801110141,0.000162652292,0.000277023,8.468636840309713e-05
Hold,r1,60,D1,13183,0.14031224946975232,0.399968661314507,0.00033995777800000003,0.00032224568399999995,0.9478991358744553,0.00032224568399999995,0.000373411,6.808536735699047e-05
Hold,r1,61,P2,13403,-0.12846601409345726,-0.13404780499146543,0.000393803889,0.000212049124,0.5384637631143353,0.000212049124,0.000234126,6.69792206194985e-05
Hold,r1,62,SHAM,13623,-0.01686047997859679,0.03476782774925707,3.8326943999999994e-05,0.00044993070000000005,11.7392792913518,0.00044993070000000005,0.000473483,7.179086742560375e-05
Hold,r1,63,D3,13843,0.7791222397026304,0.47649238674757677,0.000344954722,0.00060744618,1.760944672617063,0.00060744618,0.000639453,8.128765795905323e-05
Hold,r1,64,LP,14063,0.3133327147356067,0.32244064174902093,0.0005547675,9.886604e-05,0.1782116652471531,0.00013856449,0.000241968,0.00011781246664344951
Hold,r1,65,D1,14283,-0.08538639826595765,-0.08331174856583787,0.00033995777800000003,0.00047330690399999996,1.392252022543811,0.00047330690399999996,0.000503749,8.444213285986e-05
Hold,r1,66,D2,14503,-0.08725535416819569,-0.07561410845303272,0.000360804722,0.00019625790799999998,0.5439449542459147,0.00019625790799999998,0.000265085,7.017238509711441e-05
Hold,r1,67,D2,14723,0.024911693883426393,-0.10255102002879062,0.000360804722,5.105046800000001e-05,0.14149057616823543,5.105046800000001e-05,7.17143e-05,4.148125164248537e-05
Hold,r1,68,SHAM,14943,-0.19629155227058487,-0.2005481575140529,3.8326943999999994e-05,0.0002598266636,6.779216824592121,0.0002598266636,0.000283419,7.840739005563458e-05
Hold,r1,69,D3,15163,-0.040281966578861905,-0.007607920905248282,0.000344954722,0.000212499992,0.616022852993443,0.000212499992,0.000236019,5.120620695743249e-05
Hold,r1,70,LP,15383,0.06051534125268636,0.0828643364777609,0.0005547675,-4.235383999999973e-06,-0.007634520767708946,0.00011208349399999998,0.000115761,0.00011267404324238943
Hold,r1,71,P2,15603,-0.08895966936171357,-0.08984477480870388,0.000393803889,0.000361634364,0.9183107991094522,0.000361634364,0.000386488,6.693167932805881e-05
Hold,r1,72,D1,15823,-0.1451345311356125,-0.14427228111079307,0.00033995777800000003,0.00024939180160000004,0.7335963985504106,0.00024939180160000004,0.000269653,9.396879775308453e-05
Hold,r1,73,SHAM,16043,-0.17854212360847005,-0.17333887306951515,3.8326943999999994e-05,0.000397282108,10.365608799908495,0.000397282108,0.0004808,8.045771658516236e-05
Hold,r1,74,D2,16263,-0.1098579188088041,-0.11086870369400065,0.000360804722,0.00030302677320000003,0.839863656773317,0.00030302677320000003,0.000323039,7.03438826406236e-05
Hold,r1,75,P2,16483,-0.1288925447831644,-0.13215182752681529,0.000393803889,0.00030694821400000004,0.7794443441872664,0.00030694821400000004,0.000325395,8.544199356298075e-05
Hold,r1,76,D3,16703,0.06496745957811413,0.04667156447673125,0.000344954722,0.00018354426800000002,0.5320822017911093,0.00018354426800000002,0.000238368,5.5342724106920644e-05
Hold,r1,77,LP,16923,0.03829128274369438,0.05328658988537308,0.0005547675,0.000550142072,0.9916624027182559,0.000550142072,0.000675204,0.00012348779881930747
Hold,r1,78,D1,17143,-0.10133570772138191,-0.021163392765629008,0.00033995777800000003,8.239326400000002e-05,0.24236322664751625,0.00012288499599999998,0.000215106,9.625443135784806e-05
Hold,r1,79,SHAM,17363,-0.07239600716604887,-0.017737744400168048,3.8326943999999994e-05,0.0002022695168,5.277475730911393,0.0002022695168,0.000225803,4.239182268841911e-05
Hold,r1,80,LP,17583,-0.045206600846759,-0.02036903843168282,0.0005547675,0.00011253442799999999,0.20284971271748972,0.000122889432,0.000244735,0.00010780731909272386
Hold,r1,81,P2,17803,-0.014160981060906856,-0.025905442166104214,0.000393803889,9.312407999999998e-05,0.23647323604770185,9.312407999999998e-05,0.000189515,7.426913620800695e-05
Hold,r1,82,D1,18023,-0.09938297004391942,-0.09900326307475033,0.00033995777800000003,0.00036360489199999997,1.0695589732910888,0.00036360489199999997,0.000393546,6.747498001833784e-05
Hold,r1,83,D3,18243,0.03932579898499802,0.10866006761096192,0.000344954722,0.00027385974,0.7939005397931617,0.00027385974,0.00033062,6.849389014234793e-05
Hold,r1,84,D2,18463,-0.0359728850631646,-0.06112773995452324,0.000360804722,0.00012606565999999999,0.3494013584445272,0.00012606565999999999,0.000197773,6.06713329398677e-05
Hold,r1,85,SHAM,18683,-0.0446330515578363,-0.05911931100678754,3.8326943999999994e-05,0.00022061296,5.7560801090741815,0.00022061296,0.000333578,7.276808476750627e-05
Hold,r1,86,D2,18903,-0.04003597980770027,0.037643440033410386,0.000360804722,0.000107366392,0.2975747972611068,0.000107366392,0.000152311,4.2994473413551926e-05
Hold,r1,87,P2,19123,-0.05787820571545216,-0.08489624910710275,0.000393803889,0.00021444364399999998,0.5445442515678153,0.00021444364399999998,0.000267358,6.732553684483879e-05
Hold,r1,88,D3,19343,-0.002413358088810987,-0.0169266735556969,0.000344954722,0.00039911353200000003,1.1570026630915347,0.00039911353200000003,0.000475565,8.626587366781202e-05
Hold,r1,89,LP,19563,0.10690440280758318,0.11467376746601204,0.0005547675,2.5760836000000004e-05,0.04643537337713547,6.652517399999999e-05,0.00010169,7.247512911239096e-05
Hold,r1,90,D1,19783,-0.12120964980854848,0.006001459281975981,0.00033995777800000003,3.2488190000000004e-05,0.09556536753219984,3.2488190000000004e-05,6.73156e-05,3.6507905811113475e-05
Hold,r1,91,LP,20003,0.0075835286293706285,-0.09312772005386981,0.0005547675,0.000140043352,0.2524361142280324,0.000140043352,0.000173629,5.8709459527026656e-05
Hold,r1,92,P2,20223,-0.04991795170754982,-0.05868129377509936,0.000393803889,0.00018359697199999997,0.4662142176051491,0.00018359697199999997,0.00032543,0.00010031668966037131
Hold,r1,93,SHAM,20443,-0.17989098775864848,-0.20774391797522468,3.8326943999999994e-05,0.000197600524,5.155655613972249,0.000197600524,0.000258362,4.876605698720692e-05
Hold,r1,94,D2,20663,0.26981374597715846,0.1396248892471836,0.000360804722,0.000133538164,0.3701120186558977,0.000133538164,0.00021825,7.0297277487063e-05
Hold,r1,95,D1,20883,-0.095262616061214,-0.08464107563650053,0.00033995777800000003,0.00033529869599999997,0.9862951157422847,0.00033529869599999997,0.000362229,9.058644122811518e-05
Hold,r1,96,D3,21103,-0.008015715574841684,-0.008700420363252111,0.000344954722,4.21599716e-05,0.12221885630543709,4.21599716e-05,6.81204e-05,4.256575222440266e-05
Hold,r1,97,P2,21323,-0.09938505910909746,-0.06554114303248416,0.000393803889,2.9981680000000003e-05,0.07613352949899387,2.9981680000000003e-05,5.8859e-05,4.4028227600907345e-05
